student_id,attendance,assignment_score,exam_score,final_grade,result
0,63,42,73,C,PASS
1,84,46,44,D,FAIL
2,78,91,53,D,PASS
3,77,62,54,D,PASS
4,96,78,75,B,PASS
5,85,57,66,C,PASS
6,53,54,49,D,PASS
7,55,80,98,A,PASS
8,65,59,83,B,PASS
9,59,83,93,A,PASS
10,87,83,65,C,PASS
11,64,60,87,B,PASS
12,70,88,78,B,PASS
13,85,87,80,B,PASS
14,65,94,61,C,PASS
15,97,96,86,B,PASS
16,81,98,44,D,FAIL
17,64,96,77,B,PASS
18,52,42,58,D,PASS
19,87,55,75,B,PASS
20,98,64,51,D,PASS
21,57,86,98,A,PASS
22,76,79,91,A,PASS
23,60,75,64,C,PASS
24,83,43,95,A,PASS
25,60,62,87,B,PASS
26,62,78,60,C,PASS
27,89,99,64,C,PASS
28,70,54,57,D,PASS
29,72,82,91,A,PASS
30,58,86,76,B,PASS
31,60,69,67,C,PASS
32,70,47,58,D,PASS
33,73,83,60,C,PASS
34,53,61,41,D,FAIL
35,83,72,93,A,PASS
36,99,76,99,A,PASS
37,94,60,57,D,PASS
38,55,68,40,D,FAIL
39,98,62,57,D,PASS
40,63,71,85,B,PASS
41,65,73,95,A,PASS
42,55,47,55,D,PASS
43,63,88,60,C,PASS
44,79,81,52,D,PASS
45,75,52,59,D,PASS
46,68,62,85,B,PASS
47,78,60,95,A,PASS
48,53,68,71,C,PASS
49,83,44,41,D,FAIL
50,80,59,98,A,PASS
51,74,65,65,C,PASS
52,60,48,50,D,PASS
53,92,53,90,A,PASS
54,53,96,88,B,PASS
55,58,62,85,B,PASS
56,77,89,61,C,PASS
57,84,63,42,D,FAIL
58,70,42,41,D,FAIL
59,78,94,77,B,PASS
60,50,94,69,C,PASS
61,97,79,82,B,PASS
62,74,48,92,A,PASS
63,84,47,57,D,PASS
64,82,60,82,B,PASS
65,76,82,95,A,PASS
66,71,77,58,D,PASS
67,69,98,73,C,PASS
68,79,87,99,A,PASS
69,94,50,90,A,PASS
70,54,98,68,C,PASS
71,74,54,78,B,PASS
72,74,49,47,D,PASS
73,94,73,74,C,PASS
74,50,47,99,A,PASS
75,74,63,57,D,PASS
76,57,79,54,D,PASS
77,84,56,94,A,PASS
78,78,73,78,B,PASS
79,91,80,62,C,PASS
80,74,69,97,A,PASS
81,61,84,67,C,PASS
82,98,96,78,B,PASS
83,66,87,62,C,PASS
84,79,89,53,D,PASS
85,91,67,78,B,PASS
86,57,44,66,C,PASS
87,60,46,96,A,PASS
88,76,60,78,B,PASS
89,71,97,56,D,PASS
90,69,41,71,C,PASS
91,88,80,88,B,PASS
92,72,43,65,C,PASS
93,79,69,81,B,PASS
94,71,40,61,C,PASS
95,66,92,51,D,PASS
96,59,56,70,C,PASS
97,82,57,52,D,PASS
98,97,58,49,D,PASS
99,64,45,89,B,PASS
100,75,96,62,C,PASS
101,91,48,78,B,PASS
102,57,74,46,D,PASS
103,71,69,67,C,PASS
104,93,67,74,C,PASS
105,81,78,81,B,PASS
106,98,52,87,B,PASS
107,79,81,40,D,FAIL
108,51,70,86,B,PASS
109,56,69,92,A,PASS
110,50,72,87,B,PASS
111,51,47,91,A,PASS
112,61,64,66,C,PASS
113,60,63,72,C,PASS
114,60,62,79,B,PASS
115,93,43,52,D,PASS
116,96,67,47,D,PASS
117,67,56,91,A,PASS
118,76,69,61,C,PASS
119,60,49,52,D,PASS
120,94,82,68,C,PASS
121,71,56,68,C,PASS
122,67,83,66,C,PASS
123,90,58,40,D,FAIL
124,55,57,58,D,PASS
125,67,93,61,C,PASS
126,99,50,89,B,PASS
127,75,65,65,C,PASS
128,60,41,77,B,PASS
129,81,74,63,C,PASS
130,61,50,69,C,PASS
131,55,55,54,D,PASS
132,80,66,45,D,PASS
133,71,50,64,C,PASS
134,88,81,92,A,PASS
135,88,96,63,C,PASS
136,63,85,54,D,PASS
137,76,53,76,B,PASS
138,78,95,78,B,PASS
139,59,71,40,D,FAIL
140,74,72,51,D,PASS
141,96,89,45,D,PASS
142,69,53,63,C,PASS
143,63,68,61,C,PASS
144,87,75,72,C,PASS
145,91,52,84,B,PASS
146,68,40,52,D,PASS
147,82,62,67,C,PASS
148,70,86,48,D,PASS
149,88,79,69,C,PASS
150,87,96,49,D,PASS
151,91,61,51,D,PASS
152,74,72,80,B,PASS
153,88,88,95,A,PASS
154,71,61,90,A,PASS
155,78,75,87,B,PASS
156,85,70,81,B,PASS
157,96,82,85,B,PASS
158,59,68,85,B,PASS
159,52,66,50,D,PASS
160,89,88,90,A,PASS
161,91,79,40,D,FAIL
162,99,50,77,B,PASS
163,97,91,97,A,PASS
164,89,58,90,A,PASS
165,99,70,99,A,PASS
166,61,70,72,C,PASS
167,78,41,87,B,PASS
168,93,64,95,A,PASS
169,90,82,70,C,PASS
170,79,75,55,D,PASS
171,74,81,69,C,PASS
172,58,80,58,D,PASS
173,71,86,78,B,PASS
174,51,85,53,D,PASS
175,72,57,64,C,PASS
176,95,82,73,C,PASS
177,67,41,90,A,PASS
178,87,69,86,B,PASS
179,51,93,51,D,PASS
180,82,61,70,C,PASS
181,89,71,59,D,PASS
182,80,78,43,D,FAIL
183,65,79,99,A,PASS
184,64,63,48,D,PASS
185,74,94,42,D,FAIL
186,65,62,75,B,PASS
187,75,93,79,B,PASS
188,53,98,69,C,PASS
189,53,82,98,A,PASS
190,64,98,94,A,PASS
191,84,98,45,D,PASS
192,53,44,58,D,PASS
193,52,97,58,D,PASS
194,75,93,46,D,PASS
195,76,65,70,C,PASS
196,69,94,47,D,PASS
197,63,55,59,D,PASS
198,96,40,70,C,PASS
199,74,75,71,C,PASS
200,59,47,71,C,PASS
201,91,69,63,C,PASS
202,79,48,64,C,PASS
203,84,60,70,C,PASS
204,87,43,97,A,PASS
205,53,54,69,C,PASS
206,69,60,65,C,PASS
207,87,47,64,C,PASS
208,96,83,69,C,PASS
209,55,71,66,C,PASS
210,56,58,42,D,FAIL
211,57,58,58,D,PASS
212,50,51,73,C,PASS
213,52,90,74,C,PASS
214,59,71,69,C,PASS
215,60,41,57,D,PASS
216,57,70,42,D,FAIL
217,76,83,92,A,PASS
218,73,69,96,A,PASS
219,60,80,94,A,PASS
220,85,48,83,B,PASS
221,52,60,78,B,PASS
222,85,56,90,A,PASS
223,71,43,64,C,PASS
224,50,60,69,C,PASS
225,66,54,88,B,PASS
226,82,65,53,D,PASS
227,83,40,51,D,PASS
228,64,90,97,A,PASS
229,90,86,66,C,PASS
230,50,63,91,A,PASS
231,54,65,41,D,FAIL
232,95,99,54,D,PASS
233,55,65,44,D,FAIL
234,74,87,96,A,PASS
235,86,95,50,D,PASS
236,86,46,83,B,PASS
237,53,92,87,B,PASS
238,69,52,78,B,PASS
239,83,91,92,A,PASS
240,57,99,92,A,PASS
241,57,86,57,D,PASS
242,61,90,97,A,PASS
243,58,98,63,C,PASS
244,65,52,97,A,PASS
245,71,60,76,B,PASS
246,80,91,60,C,PASS
247,77,73,81,B,PASS
248,80,69,86,B,PASS
249,68,97,95,A,PASS
250,59,78,61,C,PASS
251,63,65,81,B,PASS
252,75,96,79,B,PASS
253,92,44,74,C,PASS
254,94,85,48,D,PASS
255,64,82,59,D,PASS
256,61,96,49,D,PASS
257,84,84,85,B,PASS
258,56,53,90,A,PASS
259,65,69,52,D,PASS
260,84,74,69,C,PASS
261,69,67,50,D,PASS
262,59,55,95,A,PASS
263,60,74,92,A,PASS
264,58,69,57,D,PASS
265,79,52,64,C,PASS
266,90,62,87,B,PASS
267,83,83,44,D,FAIL
268,69,56,99,A,PASS
269,97,61,58,D,PASS
270,67,72,79,B,PASS
271,73,65,67,C,PASS
272,76,90,75,B,PASS
273,70,99,53,D,PASS
274,63,60,75,B,PASS
275,66,42,66,C,PASS
276,59,53,51,D,PASS
277,55,41,61,C,PASS
278,54,44,99,A,PASS
279,86,62,41,D,FAIL
280,98,52,44,D,FAIL
281,85,76,53,D,PASS
282,78,76,42,D,FAIL
283,80,74,87,B,PASS
284,55,60,71,C,PASS
285,93,70,40,D,FAIL
286,97,69,88,B,PASS
287,86,82,40,D,FAIL
288,73,43,49,D,PASS
289,84,99,99,A,PASS
290,78,53,72,C,PASS
291,92,94,72,C,PASS
292,59,49,90,A,PASS
293,83,90,62,C,PASS
294,63,53,58,D,PASS
295,68,66,55,D,PASS
296,56,98,61,C,PASS
297,82,92,86,B,PASS
298,91,92,88,B,PASS
299,64,88,63,C,PASS
300,93,57,48,D,PASS
301,75,55,60,C,PASS
302,74,43,44,D,FAIL
303,54,49,66,C,PASS
304,86,78,44,D,FAIL
305,82,76,71,C,PASS
306,54,80,79,B,PASS
307,50,79,53,D,PASS
308,98,74,69,C,PASS
309,98,56,74,C,PASS
310,51,56,96,A,PASS
311,97,56,98,A,PASS
312,54,54,48,D,PASS
313,52,70,56,D,PASS
314,73,53,90,A,PASS
315,92,61,95,A,PASS
316,88,48,44,D,FAIL
317,71,59,86,B,PASS
318,83,65,55,D,PASS
319,60,49,54,D,PASS
320,55,67,69,C,PASS
321,90,56,61,C,PASS
322,87,75,94,A,PASS
323,69,80,72,C,PASS
324,50,52,99,A,PASS
325,50,49,92,A,PASS
326,87,76,55,D,PASS
327,97,63,90,A,PASS
328,52,70,67,C,PASS
329,66,51,47,D,PASS
330,75,61,78,B,PASS
331,80,58,88,B,PASS
332,53,75,78,B,PASS
333,50,73,47,D,PASS
334,97,79,67,C,PASS
335,58,76,58,D,PASS
336,61,87,69,C,PASS
337,57,54,54,D,PASS
338,90,87,78,B,PASS
339,63,69,44,D,FAIL
340,95,48,64,C,PASS
341,80,52,72,C,PASS
342,74,50,63,C,PASS
343,87,66,97,A,PASS
344,54,59,47,D,PASS
345,79,89,71,C,PASS
346,54,84,82,B,PASS
347,89,42,59,D,PASS
348,65,84,64,C,PASS
349,64,80,81,B,PASS
350,87,59,98,A,PASS
351,83,45,51,D,PASS
352,88,79,77,B,PASS
353,74,73,94,A,PASS
354,73,83,70,C,PASS
355,73,61,91,A,PASS
356,85,52,68,C,PASS
357,99,61,69,C,PASS
358,73,43,95,A,PASS
359,72,97,42,D,FAIL
360,92,57,89,B,PASS
361,58,90,87,B,PASS
362,92,55,95,A,PASS
363,79,46,82,B,PASS
364,70,76,85,B,PASS
365,51,84,51,D,PASS
366,75,93,89,B,PASS
367,67,41,69,C,PASS
368,99,41,58,D,PASS
369,54,69,67,C,PASS
370,74,68,89,B,PASS
371,85,78,52,D,PASS
372,87,42,83,B,PASS
373,72,87,60,C,PASS
374,90,59,40,D,FAIL
375,61,48,40,D,FAIL
376,90,46,58,D,PASS
377,95,73,77,B,PASS
378,97,69,58,D,PASS
379,55,99,67,C,PASS
380,62,61,49,D,PASS
381,76,85,86,B,PASS
382,91,56,53,D,PASS
383,84,57,74,C,PASS
384,58,89,76,B,PASS
385,59,71,71,C,PASS
386,58,64,69,C,PASS
387,97,61,59,D,PASS
388,99,60,87,B,PASS
389,82,78,93,A,PASS
390,74,89,47,D,PASS
391,66,81,66,C,PASS
392,69,40,96,A,PASS
393,70,81,50,D,PASS
394,56,53,42,D,FAIL
395,96,95,53,D,PASS
396,59,49,87,B,PASS
397,86,48,79,B,PASS
398,62,96,68,C,PASS
399,73,66,91,A,PASS
400,86,62,66,C,PASS
401,72,70,52,D,PASS
402,96,73,83,B,PASS
403,72,47,43,D,FAIL
404,84,49,52,D,PASS
405,59,70,89,B,PASS
406,98,73,95,A,PASS
407,99,98,99,A,PASS
408,68,50,76,B,PASS
409,71,66,64,C,PASS
410,52,92,85,B,PASS
411,58,91,44,D,FAIL
412,74,49,81,B,PASS
413,90,71,69,C,PASS
414,68,42,52,D,PASS
415,74,52,85,B,PASS
416,71,55,67,C,PASS
417,87,97,46,D,PASS
418,74,99,53,D,PASS
419,67,99,53,D,PASS
420,90,86,84,B,PASS
421,51,99,56,D,PASS
422,77,41,66,C,PASS
423,85,67,59,D,PASS
424,64,41,69,C,PASS
425,62,50,43,D,FAIL
426,93,45,99,A,PASS
427,60,45,95,A,PASS
428,69,97,49,D,PASS
429,91,73,53,D,PASS
430,56,63,79,B,PASS
431,79,65,45,D,PASS
432,85,67,65,C,PASS
433,67,69,87,B,PASS
434,62,64,54,D,PASS
435,76,75,84,B,PASS
436,76,58,77,B,PASS
437,76,62,60,C,PASS
438,97,53,68,C,PASS
439,70,64,55,D,PASS
440,62,49,67,C,PASS
441,73,44,44,D,FAIL
442,60,54,86,B,PASS
443,70,61,48,D,PASS
444,87,81,43,D,FAIL
445,79,90,63,C,PASS
446,94,43,58,D,PASS
447,85,78,67,C,PASS
448,99,65,76,B,PASS
449,67,53,60,C,PASS
450,61,41,70,C,PASS
451,54,52,48,D,PASS
452,55,44,53,D,PASS
453,76,52,89,B,PASS
454,62,70,46,D,PASS
455,69,87,98,A,PASS
456,74,61,96,A,PASS
457,57,89,83,B,PASS
458,93,40,83,B,PASS
459,78,47,88,B,PASS
460,79,55,66,C,PASS
461,74,61,71,C,PASS
462,51,99,88,B,PASS
463,73,57,68,C,PASS
464,51,86,62,C,PASS
465,91,46,90,A,PASS
466,52,42,42,D,FAIL
467,68,59,72,C,PASS
468,87,97,87,B,PASS
469,99,51,57,D,PASS
470,52,80,75,B,PASS
471,79,69,99,A,PASS
472,67,61,75,B,PASS
473,61,54,44,D,FAIL
474,62,97,63,C,PASS
475,79,82,74,C,PASS
476,55,71,46,D,PASS
477,76,42,59,D,PASS
478,80,90,73,C,PASS
479,92,86,61,C,PASS
480,91,73,82,B,PASS
481,82,48,61,C,PASS
482,56,75,83,B,PASS
483,53,68,94,A,PASS
484,75,78,88,B,PASS
485,93,75,70,C,PASS
486,70,40,75,B,PASS
487,61,77,47,D,PASS
488,92,86,99,A,PASS
489,54,54,65,C,PASS
490,79,81,69,C,PASS
491,67,75,47,D,PASS
492,97,55,73,C,PASS
493,74,90,82,B,PASS
494,74,95,46,D,PASS
495,61,59,65,C,PASS
496,68,69,66,C,PASS
497,68,69,45,D,PASS
498,97,61,92,A,PASS
499,63,66,52,D,PASS
500,92,58,76,B,PASS
501,90,64,75,B,PASS
502,78,81,77,B,PASS
503,91,82,93,A,PASS
504,64,49,70,C,PASS
505,91,86,75,B,PASS
506,55,93,76,B,PASS
507,98,41,63,C,PASS
508,74,54,56,D,PASS
509,52,47,49,D,PASS
510,92,84,72,C,PASS
511,80,67,91,A,PASS
512,70,69,66,C,PASS
513,57,93,55,D,PASS
514,83,72,79,B,PASS
515,57,94,44,D,FAIL
516,89,63,96,A,PASS
517,58,52,98,A,PASS
518,81,62,41,D,FAIL
519,95,76,92,A,PASS
520,75,59,62,C,PASS
521,80,66,59,D,PASS
522,62,41,56,D,PASS
523,89,46,67,C,PASS
524,93,95,86,B,PASS
525,67,77,85,B,PASS
526,64,69,96,A,PASS
527,92,69,59,D,PASS
528,76,49,51,D,PASS
529,80,75,61,C,PASS
530,60,94,60,C,PASS
531,78,64,88,B,PASS
532,58,56,96,A,PASS
533,71,98,71,C,PASS
534,88,51,80,B,PASS
535,54,67,94,A,PASS
536,71,87,80,B,PASS
537,52,98,85,B,PASS
538,74,76,54,D,PASS
539,56,88,45,D,PASS
540,83,40,54,D,PASS
541,91,47,78,B,PASS
542,72,56,94,A,PASS
543,73,54,96,A,PASS
544,61,77,83,B,PASS
545,76,61,41,D,FAIL
546,67,52,56,D,PASS
547,63,84,93,A,PASS
548,55,52,65,C,PASS
549,99,72,77,B,PASS
550,99,57,52,D,PASS
551,82,97,43,D,FAIL
552,95,43,43,D,FAIL
553,50,95,64,C,PASS
554,83,51,99,A,PASS
555,91,69,92,A,PASS
556,84,99,79,B,PASS
557,74,96,54,D,PASS
558,88,40,71,C,PASS
559,51,78,65,C,PASS
560,66,53,52,D,PASS
561,66,57,62,C,PASS
562,89,66,97,A,PASS
563,85,55,98,A,PASS
564,99,46,65,C,PASS
565,53,49,82,B,PASS
566,50,43,98,A,PASS
567,82,74,52,D,PASS
568,90,99,84,B,PASS
569,59,84,46,D,PASS
570,72,84,72,C,PASS
571,68,71,87,B,PASS
572,54,88,72,C,PASS
573,86,83,64,C,PASS
574,80,69,43,D,FAIL
575,73,50,60,C,PASS
576,73,45,52,D,PASS
577,79,60,80,B,PASS
578,96,85,94,A,PASS
579,62,75,68,C,PASS
580,95,61,97,A,PASS
581,79,42,51,D,PASS
582,76,91,69,C,PASS
583,57,88,85,B,PASS
584,52,91,85,B,PASS
585,80,70,62,C,PASS
586,92,80,84,B,PASS
587,65,57,59,D,PASS
588,82,61,69,C,PASS
589,74,70,49,D,PASS
590,61,78,47,D,PASS
591,75,69,57,D,PASS
592,59,81,96,A,PASS
593,62,44,99,A,PASS
594,66,77,49,D,PASS
595,83,93,69,C,PASS
596,87,70,76,B,PASS
597,97,85,87,B,PASS
598,69,62,98,A,PASS
599,50,85,91,A,PASS
600,58,98,45,D,PASS
601,59,54,46,D,PASS
602,64,69,97,A,PASS
603,64,53,68,C,PASS
604,96,61,76,B,PASS
605,63,51,64,C,PASS
606,98,82,93,A,PASS
607,83,99,46,D,PASS
608,61,50,76,B,PASS
609,88,70,97,A,PASS
610,88,51,51,D,PASS
611,99,44,56,D,PASS
612,80,93,40,D,FAIL
613,59,78,41,D,FAIL
614,77,47,69,C,PASS
615,75,68,96,A,PASS
616,76,66,40,D,FAIL
617,58,43,69,C,PASS
618,95,99,72,C,PASS
620,83,53,92,A,PASS
621,54,44,92,A,PASS
622,65,80,78,B,PASS
623,81,85,49,D,PASS
624,84,99,60,C,PASS
625,86,58,49,D,PASS
626,93,95,78,B,PASS
627,53,62,63,C,PASS
628,77,62,53,D,PASS
629,89,88,51,D,PASS
630,53,56,59,D,PASS
631,60,47,49,D,PASS
632,71,59,84,B,PASS
633,96,82,63,C,PASS
634,93,95,87,B,PASS
635,66,57,59,D,PASS
636,96,98,42,D,FAIL
637,98,85,86,B,PASS
638,90,63,87,B,PASS
639,69,54,54,D,PASS
640,83,86,43,D,FAIL
641,84,93,55,D,PASS
642,75,99,82,B,PASS
643,96,98,94,A,PASS
644,57,60,65,C,PASS
645,68,93,40,D,FAIL
646,92,79,58,D,PASS
647,62,80,93,A,PASS
648,85,57,62,C,PASS
649,61,96,60,C,PASS
650,83,51,75,B,PASS
651,52,87,78,B,PASS
652,90,81,71,C,PASS
653,88,63,63,C,PASS
654,82,50,69,C,PASS
655,77,99,49,D,PASS
656,58,92,62,C,PASS
657,78,84,51,D,PASS
658,58,46,85,B,PASS
659,55,43,91,A,PASS
660,68,64,78,B,PASS
661,77,75,64,C,PASS
662,89,83,80,B,PASS
663,56,70,56,D,PASS
664,87,67,45,D,PASS
665,66,46,72,C,PASS
666,81,95,87,B,PASS
667,71,80,54,D,PASS
668,62,92,43,D,FAIL
669,74,42,73,C,PASS
670,76,76,59,D,PASS
671,65,52,44,D,FAIL
672,97,98,99,A,PASS
673,85,60,97,A,PASS
674,77,64,43,D,FAIL
675,50,90,64,C,PASS
676,56,64,50,D,PASS
677,76,46,96,A,PASS
678,57,43,49,D,PASS
679,63,96,40,D,FAIL
680,78,61,58,D,PASS
681,69,62,57,D,PASS
682,87,90,91,A,PASS
683,72,82,78,B,PASS
684,55,87,54,D,PASS
685,52,68,86,B,PASS
686,82,72,80,B,PASS
687,74,59,74,C,PASS
688,83,80,74,C,PASS
689,74,89,55,D,PASS
690,85,77,82,B,PASS
691,93,82,45,D,PASS
692,61,89,44,D,FAIL
693,84,55,84,B,PASS
694,77,42,46,D,PASS
695,93,63,60,C,PASS
696,79,71,49,D,PASS
697,76,77,87,B,PASS
698,97,95,84,B,PASS
699,70,40,57,D,PASS
700,62,60,59,D,PASS
701,53,91,84,B,PASS
702,67,60,60,C,PASS
703,86,91,99,A,PASS
704,76,57,83,B,PASS
705,72,51,47,D,PASS
706,55,71,67,C,PASS
707,74,59,91,A,PASS
708,59,75,62,C,PASS
709,88,89,75,B,PASS
710,62,45,85,B,PASS
711,77,43,91,A,PASS
712,98,42,96,A,PASS
713,51,68,97,A,PASS
714,52,59,78,B,PASS
715,80,72,48,D,PASS
716,89,87,42,D,FAIL
717,94,51,55,D,PASS
718,97,54,50,D,PASS
719,99,48,76,B,PASS
720,96,86,44,D,FAIL
721,92,77,41,D,FAIL
722,84,54,54,D,PASS
723,55,83,59,D,PASS
724,77,73,60,C,PASS
725,61,44,67,C,PASS
726,73,55,66,C,PASS
727,68,42,98,A,PASS
728,81,96,41,D,FAIL
729,57,97,46,D,PASS
730,77,56,79,B,PASS
731,69,81,63,C,PASS
732,71,85,55,D,PASS
733,87,95,41,D,FAIL
734,90,61,55,D,PASS
735,96,66,86,B,PASS
736,62,43,54,D,PASS
737,61,69,74,C,PASS
738,58,91,59,D,PASS
739,72,41,81,B,PASS
740,70,94,75,B,PASS
741,69,41,70,C,PASS
742,90,69,57,D,PASS
743,51,56,48,D,PASS
744,69,61,97,A,PASS
745,76,65,64,C,PASS
746,51,84,97,A,PASS
747,72,55,76,B,PASS
748,50,66,97,A,PASS
749,53,58,60,C,PASS
750,54,75,47,D,PASS
751,66,53,75,B,PASS
752,60,94,52,D,PASS
753,56,98,89,B,PASS
754,84,90,62,C,PASS
755,76,71,74,C,PASS
756,79,47,81,B,PASS
757,70,93,85,B,PASS
758,91,92,60,C,PASS
759,97,76,83,B,PASS
760,72,92,89,B,PASS
761,94,44,84,B,PASS
762,95,59,64,C,PASS
763,83,99,48,D,PASS
764,50,69,41,D,FAIL
765,54,88,50,D,PASS
766,76,52,65,C,PASS
767,93,45,90,A,PASS
768,52,45,65,C,PASS
769,70,82,92,A,PASS
770,91,80,99,A,PASS
771,57,53,62,C,PASS
772,71,94,40,D,FAIL
773,70,67,70,C,PASS
774,97,82,45,D,PASS
775,84,86,76,B,PASS
776,56,59,87,B,PASS
777,97,50,49,D,PASS
778,74,70,69,C,PASS
779,76,75,42,D,FAIL
780,95,47,94,A,PASS
781,96,71,85,B,PASS
782,57,46,93,A,PASS
783,94,54,48,D,PASS
784,54,53,63,C,PASS
785,60,47,41,D,FAIL
786,83,40,42,D,FAIL
787,73,59,87,B,PASS
788,74,52,52,D,PASS
789,59,99,98,A,PASS
790,56,57,44,D,FAIL
791,79,41,63,C,PASS
792,74,83,46,D,PASS
793,50,43,83,B,PASS
794,98,69,64,C,PASS
795,78,59,88,B,PASS
796,86,77,98,A,PASS
797,56,91,51,D,PASS
798,56,42,87,B,PASS
799,84,86,53,D,PASS
800,75,82,69,C,PASS
801,56,43,40,D,FAIL
802,98,51,68,C,PASS
803,70,62,96,A,PASS
804,59,49,52,D,PASS
805,83,99,78,B,PASS
806,94,83,94,A,PASS
807,61,87,93,A,PASS
808,99,64,86,B,PASS
809,63,43,87,B,PASS
810,59,80,95,A,PASS
811,51,75,60,C,PASS
812,70,88,85,B,PASS
813,86,42,78,B,PASS
814,76,81,65,C,PASS
815,66,94,59,D,PASS
816,55,79,42,D,FAIL
817,77,69,44,D,FAIL
818,98,42,60,C,PASS
819,53,69,78,B,PASS
820,69,73,95,A,PASS
821,65,65,72,C,PASS
822,71,46,66,C,PASS
823,85,99,99,A,PASS
824,85,80,81,B,PASS
825,79,42,50,D,PASS
826,66,66,92,A,PASS
827,64,67,64,C,PASS
828,97,69,89,B,PASS
829,86,85,52,D,PASS
830,59,50,95,A,PASS
831,66,99,94,A,PASS
832,62,86,81,B,PASS
833,53,43,99,A,PASS
834,72,84,80,B,PASS
835,52,92,46,D,PASS
836,93,89,59,D,PASS
837,50,91,74,C,PASS
838,74,48,53,D,PASS
839,66,67,46,D,PASS
840,56,58,74,C,PASS
841,91,45,54,D,PASS
842,97,53,85,B,PASS
843,89,78,64,C,PASS
844,66,67,97,A,PASS
845,89,75,66,C,PASS
846,54,89,78,B,PASS
847,70,78,54,D,PASS
848,68,87,90,A,PASS
849,72,46,42,D,FAIL
850,79,86,66,C,PASS
851,74,49,64,C,PASS
852,64,53,41,D,FAIL
853,88,65,84,B,PASS
854,71,74,95,A,PASS
855,73,54,55,D,PASS
856,62,74,41,D,FAIL
857,58,41,66,C,PASS
858,63,68,75,B,PASS
859,67,69,65,C,PASS
860,84,55,69,C,PASS
861,90,47,90,A,PASS
862,95,76,69,C,PASS
863,83,61,42,D,FAIL
864,50,55,97,A,PASS
865,53,80,44,D,FAIL
866,57,80,70,C,PASS
867,94,46,53,D,PASS
868,76,50,76,B,PASS
869,69,59,99,A,PASS
870,61,52,56,D,PASS
871,80,42,83,B,PASS
872,92,40,61,C,PASS
873,69,84,74,C,PASS
874,78,61,55,D,PASS
875,99,44,85,B,PASS
876,78,75,60,C,PASS
877,99,50,49,D,PASS
878,75,90,65,C,PASS
879,76,74,66,C,PASS
880,61,56,94,A,PASS
881,90,76,96,A,PASS
882,51,44,75,B,PASS
883,60,58,73,C,PASS
884,87,77,62,C,PASS
885,90,93,75,B,PASS
886,52,87,98,A,PASS
887,57,96,47,D,PASS
888,97,41,64,C,PASS
889,54,69,60,C,PASS
890,53,83,86,B,PASS
891,76,69,79,B,PASS
892,50,85,43,D,FAIL
893,96,74,98,A,PASS
894,66,49,90,A,PASS
895,51,74,50,D,PASS
896,75,83,40,D,FAIL
897,65,61,73,C,PASS
898,62,78,40,D,FAIL
899,99,47,93,A,PASS
900,84,95,98,A,PASS
901,82,81,71,C,PASS
902,85,50,73,C,PASS
903,69,95,69,C,PASS
904,74,63,81,B,PASS
905,94,63,85,B,PASS
906,96,71,83,B,PASS
907,98,69,47,D,PASS
908,80,54,97,A,PASS
909,95,69,44,D,FAIL
910,72,83,96,A,PASS
911,61,46,91,A,PASS
912,89,76,81,B,PASS
913,74,58,52,D,PASS
914,67,42,78,B,PASS
915,71,44,62,C,PASS
916,74,62,53,D,PASS
917,61,78,52,D,PASS
918,82,53,95,A,PASS
919,85,76,69,C,PASS
920,64,60,41,D,FAIL
921,95,78,66,C,PASS
922,86,89,88,B,PASS
923,54,93,44,D,FAIL
924,86,80,63,C,PASS
925,84,72,94,A,PASS
926,86,79,43,D,FAIL
927,83,66,66,C,PASS
928,79,96,88,B,PASS
929,90,46,44,D,FAIL
930,53,99,70,C,PASS
931,92,76,65,C,PASS
932,97,85,57,D,PASS
933,81,42,61,C,PASS
934,88,80,44,D,FAIL
935,61,71,76,B,PASS
936,78,53,94,A,PASS
937,94,71,97,A,PASS
938,96,84,55,D,PASS
939,95,75,42,D,FAIL
940,58,43,43,D,FAIL
941,87,78,61,C,PASS
942,58,61,86,B,PASS
943,58,64,92,A,PASS
944,87,59,82,B,PASS
945,64,55,56,D,PASS
946,92,83,92,A,PASS
947,59,60,90,A,PASS
948,75,54,69,C,PASS
949,93,62,79,B,PASS
950,87,43,69,C,PASS
951,99,65,52,D,PASS
952,94,58,88,B,PASS
953,65,60,73,C,PASS
954,54,50,56,D,PASS
955,86,64,49,D,PASS
956,94,85,84,B,PASS
957,68,63,87,B,PASS
958,70,74,58,D,PASS
959,81,99,76,B,PASS
960,90,63,99,A,PASS
961,76,83,54,D,PASS
962,91,43,66,C,PASS
963,99,69,67,C,PASS
964,61,81,92,A,PASS
965,58,51,86,B,PASS
966,71,58,58,D,PASS
967,99,41,96,A,PASS
968,59,75,57,D,PASS
969,56,57,75,B,PASS
970,86,58,74,C,PASS
971,81,66,68,C,PASS
972,78,82,54,D,PASS
973,77,71,49,D,PASS
974,88,73,68,C,PASS
975,76,81,72,C,PASS
976,58,65,90,A,PASS
977,72,64,50,D,PASS
978,73,63,88,B,PASS
979,74,48,54,D,PASS
980,83,42,62,C,PASS
981,77,62,76,B,PASS
982,71,56,88,B,PASS
983,82,54,59,D,PASS
984,65,42,69,C,PASS
985,50,90,91,A,PASS
986,85,54,61,C,PASS
987,66,57,74,C,PASS
988,66,97,95,A,PASS
989,89,70,66,C,PASS
990,85,85,57,D,PASS
991,58,74,74,C,PASS
992,72,92,83,B,PASS
993,70,98,88,B,PASS
994,94,83,92,A,PASS
995,89,99,71,C,PASS
996,68,88,53,D,PASS
997,53,94,57,D,PASS
998,52,59,56,D,PASS
999,88,41,50,D,PASS
1000,97,62,58,D,PASS
1001,84,94,89,B,PASS
1002,66,95,67,C,PASS
1003,85,58,67,C,PASS
1004,53,73,83,B,PASS
1005,69,45,43,D,FAIL
1006,92,43,41,D,FAIL
1007,60,88,71,C,PASS
1008,94,55,93,A,PASS
1009,56,48,64,C,PASS
1010,65,72,64,C,PASS
1011,50,65,95,A,PASS
1012,69,66,78,B,PASS
1013,90,49,83,B,PASS
1014,86,91,46,D,PASS
1015,52,78,94,A,PASS
1016,85,77,40,D,FAIL
1017,63,64,82,B,PASS
1018,85,73,73,C,PASS
1019,86,52,86,B,PASS
1020,75,59,54,D,PASS
1021,86,44,72,C,PASS
1022,67,50,52,D,PASS
1023,84,91,72,C,PASS
1024,75,52,47,D,PASS
1025,86,61,58,D,PASS
1026,76,65,43,D,FAIL
1027,97,59,47,D,PASS
1028,98,43,78,B,PASS
1029,69,77,52,D,PASS
1030,92,40,99,A,PASS
1031,68,88,59,D,PASS
1032,94,82,46,D,PASS
1033,63,80,50,D,PASS
1034,80,68,48,D,PASS
1035,55,71,57,D,PASS
1036,99,85,84,B,PASS
1037,95,95,67,C,PASS
1038,90,97,93,A,PASS
1039,97,98,68,C,PASS
1040,68,64,69,C,PASS
1041,51,82,48,D,PASS
1042,76,43,52,D,PASS
1043,98,58,89,B,PASS
1044,86,42,90,A,PASS
1045,56,88,83,B,PASS
1046,59,57,52,D,PASS
1047,88,52,95,A,PASS
1048,99,84,61,C,PASS
1049,70,69,53,D,PASS
1050,97,47,93,A,PASS
1051,64,94,79,B,PASS
1052,76,96,67,C,PASS
1053,56,74,50,D,PASS
1054,94,45,42,D,FAIL
1055,80,69,75,B,PASS
1056,78,78,43,D,FAIL
1057,63,46,54,D,PASS
1058,70,87,83,B,PASS
1059,69,44,49,D,PASS
1060,53,61,75,B,PASS
1061,92,97,73,C,PASS
1062,61,59,75,B,PASS
1063,54,61,64,C,PASS
1064,98,61,52,D,PASS
1065,51,89,88,B,PASS
1066,70,73,94,A,PASS
1067,93,43,74,C,PASS
1068,67,48,78,B,PASS
1069,87,94,64,C,PASS
1070,67,57,71,C,PASS
1071,51,98,99,A,PASS
1072,61,91,60,C,PASS
1073,66,56,70,C,PASS
1074,87,59,89,B,PASS
1075,72,96,74,C,PASS
1076,51,82,55,D,PASS
1077,87,64,76,B,PASS
1078,51,43,41,D,FAIL
1079,90,64,60,C,PASS
1080,70,93,76,B,PASS
1081,64,78,81,B,PASS
1082,70,85,99,A,PASS
1083,61,92,91,A,PASS
1084,76,82,58,D,PASS
1085,57,62,42,D,FAIL
1086,77,42,81,B,PASS
1087,59,53,56,D,PASS
1088,83,69,76,B,PASS
1089,70,69,53,D,PASS
1090,54,54,62,C,PASS
1091,94,96,67,C,PASS
1092,63,47,67,C,PASS
1093,91,81,98,A,PASS
1094,65,94,74,C,PASS
1095,51,95,77,B,PASS
1096,55,85,69,C,PASS
1097,96,81,95,A,PASS
1098,57,99,75,B,PASS
1099,72,71,52,D,PASS
1100,85,80,48,D,PASS
1101,80,92,78,B,PASS
1102,79,45,63,C,PASS
1103,57,56,55,D,PASS
1104,95,67,48,D,PASS
1105,84,98,60,C,PASS
1106,59,75,67,C,PASS
1107,59,80,99,A,PASS
1108,78,79,77,B,PASS
1109,94,96,65,C,PASS
1110,61,68,75,B,PASS
1111,81,83,75,B,PASS
1112,53,72,70,C,PASS
1113,98,58,41,D,FAIL
1114,84,69,87,B,PASS
1115,51,73,43,D,FAIL
1116,97,45,74,C,PASS
1117,78,91,92,A,PASS
1118,82,45,63,C,PASS
1119,86,98,55,D,PASS
1120,83,62,99,A,PASS
1121,83,87,47,D,PASS
1122,74,75,78,B,PASS
1123,62,80,85,B,PASS
1124,97,95,72,C,PASS
1125,88,47,90,A,PASS
1126,81,73,78,B,PASS
1127,56,95,45,D,PASS
1128,71,87,86,B,PASS
1129,70,56,80,B,PASS
1130,78,87,57,D,PASS
1131,98,73,72,C,PASS
1132,58,54,75,B,PASS
1133,68,44,46,D,PASS
1134,53,93,53,D,PASS
1135,97,50,42,D,FAIL
1136,85,69,50,D,PASS
1137,82,71,70,C,PASS
1138,66,61,54,D,PASS
1139,85,92,98,A,PASS
1140,77,58,61,C,PASS
1141,76,52,56,D,PASS
1142,90,55,91,A,PASS
1143,67,96,40,D,FAIL
1144,59,67,94,A,PASS
1145,91,54,73,C,PASS
1146,62,48,89,B,PASS
1147,50,72,81,B,PASS
1148,75,79,72,C,PASS
1149,68,63,55,D,PASS
1150,68,60,50,D,PASS
1151,81,75,97,A,PASS
1152,74,99,48,D,PASS
1153,73,95,67,C,PASS
1154,91,69,91,A,PASS
1155,87,42,41,D,FAIL
1156,50,83,88,B,PASS
1157,73,65,84,B,PASS
1158,97,82,45,D,PASS
1159,87,90,67,C,PASS
1160,53,41,79,B,PASS
1161,87,68,42,D,FAIL
1162,98,67,53,D,PASS
1163,55,41,90,A,PASS
1164,85,94,40,D,FAIL
1165,77,88,91,A,PASS
1166,50,66,56,D,PASS
1167,79,77,78,B,PASS
1168,73,59,78,B,PASS
1169,93,92,60,C,PASS
1170,85,97,74,C,PASS
1171,72,99,83,B,PASS
1172,68,63,66,C,PASS
1173,53,68,66,C,PASS
1174,81,62,80,B,PASS
1175,73,92,74,C,PASS
1176,55,88,57,D,PASS
1177,84,91,75,B,PASS
1178,84,85,95,A,PASS
1179,96,71,53,D,PASS
1180,99,95,94,A,PASS
1181,69,56,59,D,PASS
1182,98,95,45,D,PASS
1183,86,53,50,D,PASS
1184,91,76,58,D,PASS
1185,79,61,44,D,FAIL
1186,94,99,74,C,PASS
1187,66,60,42,D,FAIL
1188,69,57,46,D,PASS
1189,72,59,63,C,PASS
1190,51,70,71,C,PASS
1191,61,58,46,D,PASS
1192,51,84,97,A,PASS
1193,98,71,85,B,PASS
1194,65,90,64,C,PASS
1195,83,61,92,A,PASS
1196,96,74,78,B,PASS
1197,55,46,70,C,PASS
1198,83,69,78,B,PASS
1199,74,68,77,B,PASS
1200,85,91,92,A,PASS
1201,64,67,67,C,PASS
1202,84,95,79,B,PASS
1203,98,88,76,B,PASS
1204,96,73,86,B,PASS
1205,89,94,94,A,PASS
1206,87,52,78,B,PASS
1207,90,50,80,B,PASS
1208,85,68,63,C,PASS
1209,75,58,43,D,FAIL
1210,60,59,60,C,PASS
1211,56,73,53,D,PASS
1212,92,87,68,C,PASS
1213,72,92,88,B,PASS
1214,52,89,67,C,PASS
1215,77,65,85,B,PASS
1216,55,65,53,D,PASS
1217,60,83,72,C,PASS
1218,68,61,88,B,PASS
1219,71,42,64,C,PASS
1220,70,54,50,D,PASS
1221,54,85,52,D,PASS
1222,97,48,43,D,FAIL
1223,85,67,68,C,PASS
1224,71,97,97,A,PASS
1225,89,41,67,C,PASS
1226,60,43,61,C,PASS
1227,97,75,72,C,PASS
1228,54,96,43,D,FAIL
1229,77,86,79,B,PASS
1230,65,79,80,B,PASS
1231,92,54,64,C,PASS
1232,53,87,45,D,PASS
1233,65,61,60,C,PASS
1234,92,66,94,A,PASS
1235,81,91,79,B,PASS
1236,93,49,88,B,PASS
1237,80,43,48,D,PASS
1238,69,72,95,A,PASS
1239,81,79,60,C,PASS
1240,88,61,89,B,PASS
1241,63,48,63,C,PASS
1242,68,72,87,B,PASS
1243,80,72,70,C,PASS
1244,76,73,80,B,PASS
1245,55,64,95,A,PASS
1246,94,90,66,C,PASS
1247,86,71,97,A,PASS
1248,80,88,96,A,PASS
1249,74,72,48,D,PASS
1250,88,89,49,D,PASS
1251,82,91,46,D,PASS
1252,64,75,65,C,PASS
1253,63,82,45,D,PASS
1254,65,59,97,A,PASS
1255,75,89,54,D,PASS
1256,96,64,83,B,PASS
1257,72,75,62,C,PASS
1258,65,80,70,C,PASS
1259,98,40,59,D,PASS
1260,89,80,96,A,PASS
1261,55,45,77,B,PASS
1262,58,86,84,B,PASS
1263,81,80,64,C,PASS
1264,92,91,43,D,FAIL
1265,80,76,59,D,PASS
1266,66,44,50,D,PASS
1267,82,49,53,D,PASS
1268,87,80,84,B,PASS
1269,57,79,74,C,PASS
1270,67,83,73,C,PASS
1271,73,71,53,D,PASS
1272,56,81,46,D,PASS
1273,60,63,54,D,PASS
1274,95,73,60,C,PASS
1275,52,73,79,B,PASS
1276,88,66,93,A,PASS
1277,97,58,50,D,PASS
1278,57,50,42,D,FAIL
1279,50,78,72,C,PASS
1280,62,89,55,D,PASS
1281,97,63,92,A,PASS
1282,53,76,97,A,PASS
1283,79,42,89,B,PASS
1284,88,74,69,C,PASS
1285,62,77,68,C,PASS
1286,70,87,96,A,PASS
1287,62,46,54,D,PASS
1288,84,59,87,B,PASS
1289,84,92,45,D,PASS
1290,51,95,74,C,PASS
1291,72,78,68,C,PASS
1292,55,62,75,B,PASS
1293,79,81,48,D,PASS
1294,67,69,68,C,PASS
1295,91,88,65,C,PASS
1296,71,92,59,D,PASS
1297,73,83,58,D,PASS
1298,61,76,78,B,PASS
1299,66,82,67,C,PASS
